title_arxiv,title_sch,id_arxiv,id_sch,date_arxiv,date_sch,authors_arxiv
Bayesian Optimization-based Combinatorial Assignment,Bayesian Optimization-based Combinatorial Assignment,2208.14698v5,1ec31c7e532b18a5c1724a34689baba35e050c0e,2022-08-31,2022-08-31,"Jakob Weissteiner, Jakob Heiss, Julien Siems, Sven Seuken"
Continual Learning with Scaled Gradient Projection,Continual Learning with Scaled Gradient Projection,2302.01386v1,8023869b534ae182e3e7d5df25690a062106912d,2023-02-02,2023-02-02,"Gobinda Saha, Kaushik Roy"
ScatterFormer: Locally-Invariant Scattering Transformer for Patient-Independent Multispectral Detection of Epileptiform Discharges,ScatterFormer: Locally-Invariant Scattering Transformer for Patient-Independent Multispectral Detection of Epileptiform Discharges,2304.14919v1,7fa2d8608e03c22ee025a27c7d6f81cc872735c6,2023-04-26,2023-04-26,"Ruizhe Zheng, Jun Li, Yi Wang, Tian Luo, Yuguo Yu"
Lifelong Learning for Neural powered Mixed Integer Programming,Lifelong Learning for Neural powered Mixed Integer Programming,2208.12226v3,d887fbfb12e9df62200453f7a6ad8d7a12775ea2,2022-08-24,,"Sahil Manchanda, Sayan Ranu"
Out-Of-Distribution Detection Is Not All You Need,Out-Of-Distribution Detection Is Not All You Need,2211.16158v2,2fdf63af2c04ac613b2acaf628d4a5dc60e84c8e,2022-11-29,2022-11-29,"Joris Guérin, Kevin Delmas, Raul Sena Ferreira, Jérémie Guiochet"
Training Robust Deep Models for Time-Series Domain: Novel Algorithms and Theoretical Analysis,Training Robust Deep Models for Time-Series Domain: Novel Algorithms and Theoretical Analysis,2207.04305v2,2e1861457a87d185b14bdc7d194ed2ad4d36088a,2022-07-09,2022-06-28,"Taha Belkhouja, Yan Yan, Janardhan Rao Doppa"
GuidedMixup: An Efficient Mixup Strategy Guided by Saliency Maps,GuidedMixup: An Efficient Mixup Strategy Guided by Saliency Maps,2306.16612v1,8ddb147c006cdeae6cd38f458e9c7c337d5b0965,2023-06-29,2023-06-26,"Minsoo Kang, Suhyun Kim"
Learning Topology-Specific Experts for Molecular Property Prediction,Learning Topology-Specific Experts for Molecular Property Prediction,2302.13693v3,1604c2854370b9c6c9558b360c566f058ef33e7f,2023-02-27,2023-02-27,"Su Kim, Dongha Lee, SeongKu Kang, Seonghyeon Lee, Hwanjo Yu"
QUILT: Effective Multi-Class Classification on Quantum Computers Using an Ensemble of Diverse Quantum Classifiers,QUILT: Effective Multi-Class Classification on Quantum Computers Using an Ensemble of Diverse Quantum Classifiers,2309.15056v1,ea44927c57909af47d5680ff2af256d8f8597ce8,2023-09-26,2022-06-28,"Daniel Silver, Tirthak Patel, Devesh Tiwari"
Solving Disjunctive Temporal Networks with Uncertainty under Restricted Time-Based Controllability using Tree Search and Graph Neural Networks,Solving Disjunctive Temporal Networks with Uncertainty under Restricted Time-Based Controllability using Tree Search and Graph Neural Networks,2203.15030v2,4fda71d3c53f1dea835ae181921bcf259de59ebb,2022-03-28,2022-03-28,"Kevin Osanlou, Jeremy Frank, Andrei Bursuc, Tristan Cazenave, Eric Jacopin, Christophe Guettier, J. Benton"
Misspecification in Inverse Reinforcement Learning,Misspecification in Inverse Reinforcement Learning,2212.03201v2,aae382fe95b061018f214b1f101c55b6f4ae176b,2022-12-06,2022-12-06,"Joar Skalse, Alessandro Abate"
Query-based Hard-Image Retrieval for Object Detection at Test Time,Query-based Hard-Image Retrieval for Object Detection at Test Time,2209.11559v2,2a51f94fe7750a010f2e86e2936eca3cbde51796,2022-09-23,2022-09-23,"Edward Ayers, Jonathan Sadeghi, John Redford, Romain Mueller, Puneet K. Dokania"
TIGGER: Scalable Generative Modelling for Temporal Interaction Graphs,TIGGER: Scalable Generative Modelling for Temporal Interaction Graphs,2203.03564v2,03492c9764cadf512726d922de7d337ed9ef54fb,2022-03-07,2022-03-07,"Shubham Gupta, Sahil Manchanda, Srikanta Bedathur, Sayan Ranu"
Feedback Gradient Descent: Efficient and Stable Optimization with Orthogonality for DNNs,Feedback Gradient Descent: Efficient and Stable Optimization with Orthogonality for DNNs,2205.08385v1,f58d73b7321f0d8ab0072a9f437607bc217975a7,2022-05-12,2022-05-12,"Fanchen Bu, Dong Eui Chang"
"Hypergraph Modeling via Spectral Embedding Connection: Hypergraph Cut, Weighted Kernel $k$-means, and Heat Kernel","Hypergraph Modeling via Spectral Embedding Connection: Hypergraph Cut, Weighted Kernel k-means, and Heat Kernel",2203.09888v3,46315c539361a20f750a329469f830df99e77ded,2022-03-18,2022-03-18,Shota Saito
DHGE: Dual-View Hyper-Relational Knowledge Graph Embedding for Link Prediction and Entity Typing,DHGE: Dual-view Hyper-Relational Knowledge Graph Embedding for Link Prediction and Entity Typing,2207.08562v4,dc26b544e5bbdd149d6e52ab6e3fe155684829a2,2022-07-18,2022-07-18,"Haoran Luo, Haihong E, Ling Tan, Gengxian Zhou, Tianyu Yao, Kaiyang Wan"
NaturalInversion: Data-Free Image Synthesis Improving Real-World Consistency,NaturalInversion: Data-Free Image Synthesis Improving Real-World Consistency,2306.16661v1,6b1ac12dde02e4894c08fa7f4c340bd4911dc979,2023-06-29,2022-06-28,"Yujin Kim, Dogyun Park, Dohee Kim, Suhyun Kim"
AutoCost: Evolving Intrinsic Cost for Zero-violation Reinforcement Learning,AutoCost: Evolving Intrinsic Cost for Zero-violation Reinforcement Learning,2301.10339v1,b65e9e7f500437a01848ac6fde6692e6b241de85,2023-01-24,2023-01-24,"Tairan He, Weiye Zhao, Changliu Liu"
Enhancing the Antidote: Improved Pointwise Certifications against Poisoning Attacks,Enhancing the Antidote: Improved Pointwise Certifications against Poisoning Attacks,2308.07553v1,5251da262f05511dfcd48e527ddf2d781e1c33a5,2023-08-15,2023-06-26,"Shijie Liu, Andrew C. Cullen, Paul Montague, Sarah M. Erfani, Benjamin I. P. Rubinstein"
SLOTH: Structured Learning and Task-based Optimization for Time Series Forecasting on Hierarchies,SLOTH: Structured Learning and Task-based Optimization for Time Series Forecasting on Hierarchies,2302.05650v2,6b180f97412efe688d335f409a6589c1de6675a5,2023-02-11,2023-02-11,"Fan Zhou, Chen Pan, Lintao Ma, Yu Liu, Shiyu Wang, James Zhang, Xinxin Zhu, Xuanwei Hu, Yunhua Hu, Yangfei Zheng, Lei Lei, Yun Hu"
Reinforcement Learning for Branch-and-Bound Optimisation using Retrospective Trajectories,Reinforcement Learning for Branch-and-Bound Optimisation using Retrospective Trajectories,2205.14345v3,3212c957a11a46d059e981826372914045f5cc4a,2022-05-28,2022-05-28,"Christopher W. F. Parsonson, Alexandre Laterre, Thomas D. Barrett"
Equi-Tuning: Group Equivariant Fine-Tuning of Pretrained Models,Equi-Tuning: Group Equivariant Fine-Tuning of Pretrained Models,2210.06475v2,45693b1fa3c1fcb89a67827fd63b45f0bacf0185,2022-10-13,2022-10-13,"Sourya Basu, Prasanna Sattigeri, Karthikeyan Natesan Ramamurthy, Vijil Chenthamarakshan, Kush R. Varshney, Lav R. Varshney, Payel Das"
Forecasting with Sparse but Informative Variables: A Case Study in Predicting Blood Glucose,Forecasting with Sparse but Informative Variables: A Case Study in Predicting Blood Glucose,2304.08593v1,6e59b0e36f7801a19925a4f82a47ff309fc172c9,2023-04-17,2023-04-17,"Harry Rubin-Falcone, Joyce Lee, Jenna Wiens"
Automated Play-Testing Through RL Based Human-Like Play-Styles Generation,Automated Play-Testing through RL Based Human-Like Play-Styles Generation,2211.17188v1,803cce3f1711810a049a03aafd48465ce3da0dec,2022-11-29,2022-10-11,"Pierre Le Pelletier de Woillemont, Rémi Labory, Vincent Corruble"
FastAMI -- a Monte Carlo Approach to the Adjustment for Chance in Clustering Comparison Metrics,FastAMI - a Monte Carlo Approach to the Adjustment for Chance in Clustering Comparison Metrics,2305.03022v1,54b2c1035b4da593e62f6658a6e064a56c743c16,2023-05-03,2023-05-03,"Kai Klede, Leo Schwinn, Dario Zanca, Björn Eskofier"
Diffusion Curvature for Estimating Local Curvature in High Dimensional Data,Diffusion Curvature for Estimating Local Curvature in High Dimensional Data,2206.03977v1,8995f9ca39248301832c2e071b23e65855aa4c80,2022-06-08,2022-06-08,"Dhananjay Bhaskar, Kincaid MacDonald, Oluwadamilola Fasina, Dawson Thomas, Bastian Rieck, Ian Adelstein, Smita Krishnaswamy"
On the Effect of Pre-training for Transformer in Different Modality on Offline Reinforcement Learning,On the Effect of Pre-training for Transformer in Different Modality on Offline Reinforcement Learning,2211.09817v1,160821fa1cfd66f90d145f144e0b81e3e62fbcb5,2022-11-17,2022-11-17,Shiro Takagi
Large Language Model as Attributed Training Data Generator: A Tale of Diversity and Bias,Large Language Model as Attributed Training Data Generator: A Tale of Diversity and Bias,2306.15895v2,78c488e2d84bd193a40006b1fceb03e3845b81d4,2023-06-28,2023-06-28,"Yue Yu, Yuchen Zhuang, Jieyu Zhang, Yu Meng, Alexander Ratner, Ranjay Krishna, Jiaming Shen, Chao Zhang"
PaCo: Parameter-Compositional Multi-Task Reinforcement Learning,PaCo: Parameter-Compositional Multi-Task Reinforcement Learning,2210.11653v1,16a025da96491c1cc0272a82c6ab60f3d363aac3,2022-10-21,2022-10-21,"Lingfeng Sun, Haichao Zhang, Wei Xu, Masayoshi Tomizuka"
"Understanding, Predicting and Better Resolving Q-Value Divergence in Offline-RL","Understanding, Predicting and Better Resolving Q-Value Divergence in Offline-RL",2310.04411v1,9f923edcb6b8281d178c398b72f22190ba8247bf,2023-10-06,2023-10-06,"Yang Yue, Rui Lu, Bingyi Kang, Shiji Song, Gao Huang"
Differentiable Analog Quantum Computing for Optimization and Control,Differentiable Analog Quantum Computing for Optimization and Control,2210.15812v1,255d74d345f8fdb5b3bb5030c73a5cabee611a45,2022-10-28,2022-10-28,"Jiaqi Leng, Yuxiang Peng, Yi-Ling Qiao, Ming Lin, Xiaodi Wu"
Canonical normalizing flows for manifold learning,Canonical normalizing flows for manifold learning,2310.12743v2,4860d11504e3aeaad96b5b128a1444969bc63f63,2023-10-19,2023-10-19,"Kyriakos Flouris, Ender Konukoglu"
Semantic segmentation of sparse irregular point clouds for leaf wood discrimination,Semantic segmentation of sparse irregular point clouds for leaf/wood discrimination,2305.16963v2,65a896606b8f318eea0a466cbb74d0d2b871047b,2023-05-26,2023-05-26,"Yuchen Bai, Jean-Baptiste Durand, Florence Forbes, Grégoire Vincent"
How a student becomes a teacher: learning and forgetting through Spectral methods,How a student becomes a teacher: learning and forgetting through Spectral methods,2310.12612v1,d8d1c480d0657b8a8b351f8af438740d7bdb391d,2023-10-19,2023-10-19,"Lorenzo Giambagli, Lorenzo Buffoni, Lorenzo Chicchi, Duccio Fanelli"
Support Recovery in Sparse PCA with Incomplete Data,Support Recovery in Sparse PCA with Incomplete Data,2205.15215v1,1e4d32fdaa4f622f7aa15ddb53ab3fa9a0bb4810,2022-05-30,2022-05-30,"Hanbyul Lee, Qifan Song, Jean Honorio"
Beyond Uniform Sampling: Offline Reinforcement Learning with Imbalanced Datasets,Beyond Uniform Sampling: Offline Reinforcement Learning with Imbalanced Datasets,2310.04413v2,4ff5aa25088ad899a23e6ec0385ff5bd0e5efc68,2023-10-06,2023-10-06,"Zhang-Wei Hong, Aviral Kumar, Sathwik Karnik, Abhishek Bhandwaldar, Akash Srivastava, Joni Pajarinen, Romain Laroche, Abhishek Gupta, Pulkit Agrawal"
Self-Supervised Contrastive Pre-Training For Time Series via Time-Frequency Consistency,Self-Supervised Contrastive Pre-Training For Time Series via Time-Frequency Consistency,2206.08496v3,648d90b713997a771e2c49f02cd771e8b7b10b37,2022-06-17,2022-06-17,"Xiang Zhang, Ziyuan Zhao, Theodoros Tsiligkaridis, Marinka Zitnik"
Efficient Aggregated Kernel Tests using Incomplete $U$-statistics,Efficient Aggregated Kernel Tests using Incomplete U-statistics,2206.09194v3,fe8208d09ee86075b828cf12124c5d27f10a355d,2022-06-18,2022-06-18,"Antonin Schrab, Ilmun Kim, Benjamin Guedj, Arthur Gretton"
Instance-based Learning for Knowledge Base Completion,Instance-based Learning for Knowledge Base Completion,2211.06807v1,64ba9c18eb97b1b5366e586ac1988df07c449932,2022-11-13,2022-11-13,"Wanyun Cui, Xingran Chen"
On the Theoretical Properties of Noise Correlation in Stochastic Optimization,On the Theoretical Properties of Noise Correlation in Stochastic Optimization,2209.09162v1,182d800898eb99297e11c4d045e882953f21ed36,2022-09-19,2022-09-19,"Aurelien Lucchi, Frank Proske, Antonio Orvieto, Francis Bach, Hans Kersting"
PDP: Parameter-free Differentiable Pruning is All You Need,PDP: Parameter-free Differentiable Pruning is All You Need,2305.11203v2,c9052f3ccd02c3a841c1ca9ebda6b24dfd847762,2023-05-18,2023-05-18,"Minsik Cho, Saurabh Adya, Devang Naik"
Concentration of Data Encoding in Parameterized Quantum Circuits,Concentration of Data Encoding in Parameterized Quantum Circuits,2206.08273v1,75f62fa6922737b4785fb7aaedec71b89a8918cb,2022-06-16,2022-06-16,"Guangxi Li, Ruilin Ye, Xuanqiang Zhao, Xin Wang"
Beyond Myopia: Learning from Positive and Unlabeled Data through Holistic Predictive Trends,Beyond Myopia: Learning from Positive and Unlabeled Data through Holistic Predictive Trends,2310.04078v1,cda12226872833f5cabb7d5c16fc6252e157299a,2023-10-06,2023-10-06,"Xinrui Wang, Wenhai Wan, Chuanxin Geng, Shaoyuan LI, Songcan Chen"
Towards Reasonable Budget Allocation in Untargeted Graph Structure Attacks via Gradient Debias,Towards Reasonable Budget Allocation in Untargeted Graph Structure Attacks via Gradient Debias,2304.00010v1,512cc73b15ab4afd8f383152c041d566fc5d43a7,2023-03-29,2023-03-29,"Zihan Liu, Yun Luo, Lirong Wu, Zicheng Liu, Stan Z. Li"
Private Set Generation with Discriminative Information,Private Set Generation with Discriminative Information,2211.04446v1,f8aa81482d46c61a7da9256036f277e65681d164,2022-11-07,2022-11-07,"Dingfan Chen, Raouf Kerkouche, Mario Fritz"
Power and limitations of single-qubit native quantum neural networks,Power and limitations of single-qubit native quantum neural networks,2205.07848v2,45ebd34033b7a5ec61b4c870271ae2a42d6a5a0a,2022-05-16,2022-05-16,"Zhan Yu, Hongshun Yao, Mujin Li, Xin Wang"
Getting ViT in Shape: Scaling Laws for Compute-Optimal Model Design,Getting ViT in Shape: Scaling Laws for Compute-Optimal Model Design,2305.13035v4,16b4620b59bfef414d702214a717856c943db7fb,2023-05-22,2023-05-22,"Ibrahim Alabdulmohsin, Xiaohua Zhai, Alexander Kolesnikov, Lucas Beyer"
Learning to Navigate Wikipedia by Taking Random Walks,Learning to Navigate Wikipedia by Taking Random Walks,2211.00177v1,aa0f9140497bc746a1123de54ce496cf6e6222a5,2022-10-31,2022-10-31,"Manzil Zaheer, Kenneth Marino, Will Grathwohl, John Schultz, Wendy Shang, Sheila Babayan, Arun Ahuja, Ishita Dasgupta, Christine Kaeser-Chen, Rob Fergus"
Score-based Generative Modeling Secretly Minimizes the Wasserstein Distance,Score-based Generative Modeling Secretly Minimizes the Wasserstein Distance,2212.06359v1,d86f6b90c69793d0e9a479b7dbe7a59300364bfa,2022-12-13,2022-12-13,"Dohyun Kwon, Ying Fan, Kangwook Lee"
Instance-optimal PAC Algorithms for Contextual Bandits,Instance-optimal PAC Algorithms for Contextual Bandits,2207.02357v1,58be30655a4ef36fc60b9914c94673c5466d6038,2022-07-05,2022-07-05,"Zhaoqi Li, Lillian Ratliff, Houssam Nassif, Kevin Jamieson, Lalit Jain"
Fast Bayesian Inference with Batch Bayesian Quadrature via Kernel Recombination,Fast Bayesian Inference with Batch Bayesian Quadrature via Kernel Recombination,2206.04734v4,83c520e850bc3695c678101aa5af57199df5829e,2022-06-09,2022-06-09,"Masaki Adachi, Satoshi Hayakawa, Martin Jørgensen, Harald Oberhauser, Michael A. Osborne"
FedFed: Feature Distillation against Data Heterogeneity in Federated Learning,FedFed: Feature Distillation against Data Heterogeneity in Federated Learning,2310.05077v1,d9586b8082e0f87c741870b5d1babc120c2fb635,2023-10-08,2023-10-08,"Zhiqin Yang, Yonggang Zhang, Yu Zheng, Xinmei Tian, Hao Peng, Tongliang Liu, Bo Han"
Minimax Regret for Cascading Bandits,Minimax Regret for Cascading Bandits,2203.12577v3,7b09f08d61d35568fc2c218759f5fb2ca7ce97a4,2022-03-23,2022-03-23,"Daniel Vial, Sujay Sanghavi, Sanjay Shakkottai, R. Srikant"
Exact Bayesian Inference on Discrete Models via Probability Generating Functions: A Probabilistic Programming Approach,Exact Bayesian Inference on Discrete Models via Probability Generating Functions: A Probabilistic Programming Approach,2305.17058v3,659d2997af18f6f40802de2d146a4488692ee1b0,2023-05-26,2023-05-26,"Fabian Zaiser, Andrzej S. Murawski, Luke Ong"
A Deep Reinforcement Learning Framework For Column Generation,A Deep Reinforcement Learning Framework For Column Generation,2206.02568v3,4e3f68bc2114371dcf24a2ef4e3c0ebcb56c76f1,2022-06-03,2022-06-03,"Cheng Chi, Amine Mohamed Aboussalah, Elias B. Khalil, Juyoung Wang, Zoha Sherkat-Masoumi"
Bounding and Approximating Intersectional Fairness through Marginal Fairness,Bounding and Approximating Intersectional Fairness through Marginal Fairness,2206.05828v2,0f38838ece2fb3ff9218f2fd942703fe13f336fa,2022-06-12,2022-06-12,"Mathieu Molina, Patrick Loiseau"
On the Convergence and Sample Complexity Analysis of Deep Q-Networks with $ε$-Greedy Exploration,On the Convergence and Sample Complexity Analysis of Deep Q-Networks with ε-Greedy Exploration,2310.16173v1,154a0dc6aa4fd7c0d3160cdce42735d65e58084d,2023-10-24,2023-10-24,"Shuai Zhang, Hongkang Li, Meng Wang, Miao Liu, Pin-Yu Chen, Songtao Lu, Sijia Liu, Keerthiram Murugesan, Subhajit Chaudhury"
Precise Regret Bounds for Log-loss via a Truncated Bayesian Algorithm,Precise Regret Bounds for Log-loss via a Truncated Bayesian Algorithm,2205.03728v1,a6f7c23a2f2985d78d72f32ef0164356bb605ecb,2022-05-07,2022-05-07,"Changlong Wu, Mohsen Heidari, Ananth Grama, Wojciech Szpankowski"
Tree Mover's Distance: Bridging Graph Metrics and Stability of Graph Neural Networks,Tree Mover's Distance: Bridging Graph Metrics and Stability of Graph Neural Networks,2210.01906v1,97aebea05725f19f099762cdcbec41b670780eb5,2022-10-04,2022-10-04,"Ching-Yao Chuang, Stefanie Jegelka"
MMD-FUSE: Learning and Combining Kernels for Two-Sample Testing Without Data Splitting,MMD-FUSE: Learning and Combining Kernels for Two-Sample Testing Without Data Splitting,2306.08777v2,2311d3b473a4d49a07337da1bbe948a03c21e22c,2023-06-14,2023-06-14,"Felix Biggs, Antonin Schrab, Arthur Gretton"
A Holistic Approach to Unifying Automatic Concept Extraction and Concept Importance Estimation,A Holistic Approach to Unifying Automatic Concept Extraction and Concept Importance Estimation,2306.07304v2,d83a51ae59a7c47922cfa12c56e2a8c5a5f11172,2023-06-11,2023-06-11,"Thomas Fel, Victor Boutin, Mazda Moayeri, Rémi Cadène, Louis Bethune, Léo andéol, Mathieu Chalvidal, Thomas Serre"
Procedural Image Programs for Representation Learning,Procedural Image Programs for Representation Learning,2211.16412v1,1e0cf0e78bc145c0096b19b80ec2603c9cf03247,2022-11-29,2022-11-29,"Manel Baradad, Chun-Fu Chen, Jonas Wulff, Tongzhou Wang, Rogerio Feris, Antonio Torralba, Phillip Isola"
Bivariate Causal Discovery for Categorical Data via Classification with Optimal Label Permutation,Bivariate Causal Discovery for Categorical Data via Classification with Optimal Label Permutation,2209.08579v2,05621ec9cd3c1882ae16fc0e05ce57152bf58ff9,2022-09-18,2022-09-18,Yang Ni
Effective Dimension in Bandit Problems under Censorship,Effective Dimension in Bandit Problems under Censorship,2302.06916v1,5ff9d7884259669f9f7ce10560b3c42bbeb70f31,2023-02-14,2023-02-14,"Gauthier Guinet, Saurabh Amin, Patrick Jaillet"
RenyiCL: Contrastive Representation Learning with Skew Renyi Divergence,RényiCL: Contrastive Representation Learning with Skew Rényi Divergence,2208.06270v2,15f206d7523e5224eb3e509e3356cf64b3c3ad9f,2022-08-12,2022-08-12,"Kyungmin Lee, Jinwoo Shin"
Contrast Everything: A Hierarchical Contrastive Framework for Medical Time-Series,Contrast Everything: A Hierarchical Contrastive Framework for Medical Time-Series,2310.14017v3,9331fe5ae1d8c16a36037dd0f0378ccac7d5f230,2023-10-21,2023-10-21,"Yihe Wang, Yu Han, Haishuai Wang, Xiang Zhang"
Explain My Surprise: Learning Efficient Long-Term Memory by Predicting Uncertain Outcomes,Explain My Surprise: Learning Efficient Long-Term Memory by Predicting Uncertain Outcomes,2207.13649v2,cfc5d3032c0c370892eb42687162afbb75455778,2022-07-27,2022-07-27,"Artyom Sorokin, Nazar Buzun, Leonid Pugachev, Mikhail Burtsev"
Non-Linear Coordination Graphs,Non-Linear Coordination Graphs,2211.08404v1,de876fa8ad19637db2efe0cc4c20e946124d51a3,2022-10-26,2022-10-26,"Yipeng Kang, Tonghan Wang, Xiaoran Wu, Qianlan Yang, Chongjie Zhang"
DropCompute: simple and more robust distributed synchronous training via compute variance reduction,DropCompute: simple and more robust distributed synchronous training via compute variance reduction,2306.10598v2,1c7d3a359f4029e5384d784ce118ab53e71877b6,2023-06-18,2023-06-18,"Niv Giladi, Shahar Gottlieb, Moran Shkolnik, Asaf Karnieli, Ron Banner, Elad Hoffer, Kfir Yehuda Levy, Daniel Soudry"
Neural Conservation Laws: A Divergence-Free Perspective,Neural Conservation Laws: A Divergence-Free Perspective,2210.01741v3,af00c69701fdce1306e0e41ebd7d4517fcc24dc8,2022-10-04,2022-10-04,"Jack Richter-Powell, Yaron Lipman, Ricky T. Q. Chen"
Curriculum Reinforcement Learning using Optimal Transport via Gradual Domain Adaptation,Curriculum Reinforcement Learning using Optimal Transport via Gradual Domain Adaptation,2210.10195v1,86785b861d24776bdc0f123e73a8a401f25d72e4,2022-10-18,2022-10-18,"Peide Huang, Mengdi Xu, Jiacheng Zhu, Laixi Shi, Fei Fang, Ding Zhao"
RanPAC: Random Projections and Pre-trained Models for Continual Learning,RanPAC: Random Projections and Pre-trained Models for Continual Learning,2307.02251v1,a522efa0a479bcd368407576ba13d82ee011f581,2023-07-05,2023-07-05,"Mark D. McDonnell, Dong Gong, Amin Parveneh, Ehsan Abbasnejad, Anton van den Hengel"
Mirror Descent Maximizes Generalized Margin and Can Be Implemented Efficiently,Mirror Descent Maximizes Generalized Margin and Can Be Implemented Efficiently,2205.12808v2,a019b71e770d78824b0b9bc265cec63632d19d99,2022-05-25,2022-05-25,"Haoyuan Sun, Kwangjun Ahn, Christos Thrampoulidis, Navid Azizan"
Adaptive Selective Sampling for Online Prediction with Experts,Adaptive Selective Sampling for Online Prediction with Experts,2302.08397v2,309dc5a8736c5c0a883a3d8e8fb5ca445114a193,2023-02-16,2023-02-16,"Rui M. Castro, Fredrik Hellström, Tim van Erven"
Deep Contract Design via Discontinuous Networks,Deep Contract Design via Discontinuous Networks,2307.02318v2,39126bdfdd62d95c760f65d1c09a4e118e18282b,2023-07-05,2023-07-05,"Tonghan Wang, Paul Dütting, Dmitry Ivanov, Inbal Talgam-Cohen, David C. Parkes"
Efficient Equivariant Transfer Learning from Pretrained Models,Efficient Equivariant Transfer Learning from Pretrained Models,2305.09900v2,5bcb0a4d74c7ea0cda31eab0fa44618fec7e2642,2023-05-17,2023-05-17,"Sourya Basu, Pulkit Katdare, Prasanna Sattigeri, Vijil Chenthamarakshan, Katherine Driggs-Campbell, Payel Das, Lav R. Varshney"
Globally Gated Deep Linear Networks,Globally Gated Deep Linear Networks,2210.17449v2,70250717a661453c10dd43961d3dde3b96df08a2,2022-10-31,2022-10-31,"Qianyi Li, Haim Sompolinsky"
Reinforcement Learning in a Birth and Death Process: Breaking the Dependence on the State Space,Reinforcement Learning in a Birth and Death Process: Breaking the Dependence on the State Space,2302.10667v1,a25f9bd0613b75d2c3b7e5215d7423b67c5d64de,2023-02-21,2023-02-21,"Jonatha Anselmi, Bruno Gaujal, Louis-Sébastien Rebuffi"
Going Beyond Linear Mode Connectivity: The Layerwise Linear Feature Connectivity,Going Beyond Linear Mode Connectivity: The Layerwise Linear Feature Connectivity,2307.08286v2,617bf3c2e34f0907fe610d9ced5cf83184fedb1b,2023-07-17,2023-07-17,"Zhanpeng Zhou, Yongyi Yang, Xiaojiang Yang, Junchi Yan, Wei Hu"
Perturbation Learning Based Anomaly Detection,Perturbation Learning Based Anomaly Detection,2206.02704v1,6823583720f1ccaf027c1dc8f158d406d7ea4bb1,2022-06-06,2022-06-06,"Jinyu Cai, Jicong Fan"
Combining Explicit and Implicit Regularization for Efficient Learning in Deep Networks,Combining Explicit and Implicit Regularization for Efficient Learning in Deep Networks,2306.00342v1,66816773473430da0d2464b01e9643769dbdaa5b,2023-06-01,2023-06-01,Dan Zhao
Increasing the Scope as You Learn: Adaptive Bayesian Optimization in Nested Subspaces,Increasing the Scope as You Learn: Adaptive Bayesian Optimization in Nested Subspaces,2304.11468v1,9b8da186249fb0715d3feba9b5b62299857ec1e4,2023-04-22,2023-04-22,"Leonard Papenmeier, Luigi Nardi, Matthias Poloczek"
On the Robustness of Graph Neural Diffusion to Topology Perturbations,On the Robustness of Graph Neural Diffusion to Topology Perturbations,2209.07754v2,489da8995c34704bb285d902d73c938c7bc4dd4e,2022-09-16,2022-09-16,"Yang Song, Qiyu Kang, Sijie Wang, Zhao Kai, Wee Peng Tay"
Revisiting Neural Scaling Laws in Language and Vision,Revisiting Neural Scaling Laws in Language and Vision,2209.06640v2,fb9f9e98d35340875905730e1a80221fec818944,2022-09-13,2022-09-13,"Ibrahim Alabdulmohsin, Behnam Neyshabur, Xiaohua Zhai"
DYffusion: A Dynamics-informed Diffusion Model for Spatiotemporal Forecasting,DYffusion: A Dynamics-informed Diffusion Model for Spatiotemporal Forecasting,2306.01984v2,195dc158fa820c70f9d9892b7f2a150ca0cfc939,2023-06-03,2023-06-03,"Salva Rühling Cachay, Bo Zhao, Hailey Joren, Rose Yu"
Maximum Common Subgraph Guided Graph Retrieval: Late and Early Interaction Networks,Maximum Common Subgraph Guided Graph Retrieval: Late and Early Interaction Networks,2210.11020v1,9a580baf4b69da3dac2b3ff867b2590cd37ab857,2022-10-20,2022-10-20,"Indradyumna Roy, Soumen Chakrabarti, Abir De"
Rethinking Semi-Supervised Imbalanced Node Classification from Bias-Variance Decomposition,Rethinking Semi-Supervised Imbalanced Node Classification from Bias-Variance Decomposition,2310.18765v2,091a1eb4e38911ce97dee2c88e5fbe18f42da6b8,2023-10-28,2023-10-28,"Divin Yan, Gengchen Wei, Chen Yang, Shengzhong Zhang, Zengfeng Huang"
Bridging the Gap Between Vision Transformers and Convolutional Neural Networks on Small Datasets,Bridging the Gap Between Vision Transformers and Convolutional Neural Networks on Small Datasets,2210.05958v2,08d955fc4a6f90fb90640004e8138694de68286a,2022-10-12,2022-10-12,"Zhiying Lu, Hongtao Xie, Chuanbin Liu, Yongdong Zhang"
A Quadrature Rule combining Control Variates and Adaptive Importance Sampling,A Quadrature Rule combining Control Variates and Adaptive Importance Sampling,2205.11890v2,5b95957db604081a574d9d5ca8b9a1765fc7482e,2022-05-24,2022-05-24,"Rémi Leluc, François Portier, Johan Segers, Aigerim Zhuman"
Transformers learn to implement preconditioned gradient descent for in-context learning,Transformers learn to implement preconditioned gradient descent for in-context learning,2306.00297v2,f5e9337477d7a9eb6267d0310549fdefafbb7fe2,2023-06-01,2023-06-01,"Kwangjun Ahn, Xiang Cheng, Hadi Daneshmand, Suvrit Sra"
You Only Live Once: Single-Life Reinforcement Learning,You Only Live Once: Single-Life Reinforcement Learning,2210.08863v1,e199e494ca2006a350c51cecfd70659d55e14675,2022-10-17,2022-10-17,"Annie S. Chen, Archit Sharma, Sergey Levine, Chelsea Finn"
Non-Convex Bilevel Optimization with Time-Varying Objective Functions,Non-Convex Bilevel Optimization with Time-Varying Objective Functions,2308.03811v2,6f6e2139eb762f857ca1093e699de243fa0613dd,2023-08-07,2023-08-07,"Sen Lin, Daouda Sow, Kaiyi Ji, Yingbin Liang, Ness Shroff"
Self-Correcting Bayesian Optimization through Bayesian Active Learning,Self-Correcting Bayesian Optimization through Bayesian Active Learning,2304.11005v2,54d2ad98be9f89359e0b523121d5cc028cc79099,2023-04-21,2023-04-21,"Carl Hvarfner, Erik Hellsten, Frank Hutter, Luigi Nardi"
Neural Estimation of Submodular Functions with Applications to Differentiable Subset Selection,Neural Estimation of Submodular Functions with Applications to Differentiable Subset Selection,2210.11033v1,fb9f8fe6f7b3c2fb493d4ce3c8b8223ca3f6abcc,2022-10-20,2022-10-20,"Abir De, Soumen Chakrabarti"
Quark: Controllable Text Generation with Reinforced Unlearning,Quark: Controllable Text Generation with Reinforced Unlearning,2205.13636v2,023edab4738690444e3924e224c2641017a0d794,2022-05-26,2022-05-26,"Ximing Lu, Sean Welleck, Jack Hessel, Liwei Jiang, Lianhui Qin, Peter West, Prithviraj Ammanabrolu, Yejin Choi"
Spending Thinking Time Wisely: Accelerating MCTS with Virtual Expansions,Spending Thinking Time Wisely: Accelerating MCTS with Virtual Expansions,2210.12628v1,b9263e73468186b64af6991c54eeb8a612d205e4,2022-10-23,2022-10-23,"Weirui Ye, Pieter Abbeel, Yang Gao"
Amortized Inference for Heterogeneous Reconstruction in Cryo-EM,Amortized Inference for Heterogeneous Reconstruction in Cryo-EM,2210.07387v1,09d08cc39e283cf6b714685e650ac8b95586e132,2022-10-13,2022-10-13,"Axel Levy, Gordon Wetzstein, Julien Martel, Frederic Poitevin, Ellen D. Zhong"
Imitating Human Behaviour with Diffusion Models,Imitating Human Behaviour with Diffusion Models,2301.10677v2,b43330013a5abcccd366d71f2f66c493c790abc6,2023-01-25,2023-01-25,"Tim Pearce, Tabish Rashid, Anssi Kanervisto, Dave Bignell, Mingfei Sun, Raluca Georgescu, Sergio Valcarcel Macua, Shan Zheng Tan, Ida Momennejad, Katja Hofmann, Sam Devlin"
How to prepare your task head for finetuning,How to prepare your task head for finetuning,2302.05779v1,75852ed23746bb8fceebeef8c5ae2d228b83dd24,2023-02-11,2023-02-11,"Yi Ren, Shangmin Guo, Wonho Bae, Danica J. Sutherland"
Interpretability with full complexity by constraining feature information,Interpretability with full complexity by constraining feature information,2211.17264v1,718d22c746ded92caf5d79638a1b5ac6405ca200,2022-11-30,2022-11-30,"Kieran A. Murphy, Dani S. Bassett"
Post hoc Explanations may be Ineffective for Detecting Unknown Spurious Correlation,Post hoc Explanations may be Ineffective for Detecting Unknown Spurious Correlation,2212.04629v1,d3fb854e4e97cab40d1c076cd6e88439a0227249,2022-12-09,2022-12-09,"Julius Adebayo, Michael Muelly, Hal Abelson, Been Kim"
Transfer Learning with Deep Tabular Models,Transfer Learning with Deep Tabular Models,2206.15306v2,96e22af70f9ca575ebfe648677aced03c6c8803d,2022-06-30,2022-06-30,"Roman Levin, Valeriia Cherepanova, Avi Schwarzschild, Arpit Bansal, C. Bayan Bruss, Tom Goldstein, Andrew Gordon Wilson, Micah Goldblum"
Fast Nonlinear Vector Quantile Regression,Fast Nonlinear Vector Quantile Regression,2205.14977v3,e89ba5d9bbe6c6e849708e8081c4e23884e61ed9,2022-05-30,2022-05-30,"Aviv A. Rosenberg, Sanketh Vedula, Yaniv Romano, Alex M. Bronstein"
Anamnesic Neural Differential Equations with Orthogonal Polynomial Projections,Anamnesic Neural Differential Equations with Orthogonal Polynomial Projections,2303.01841v1,be30fc0627babcc50974c940847e8ba6f796e632,2023-03-03,2023-03-03,"Edward De Brouwer, Rahul G. Krishnan"
Learning Topology-Preserving Data Representations,Learning Topology-Preserving Data Representations,2302.00136v2,e2f69d96c20acce19ca53a4086d9ac702237cead,2023-01-31,2023-01-31,"Ilya Trofimov, Daniil Cherniavskii, Eduard Tulchinskii, Nikita Balabin, Evgeny Burnaev, Serguei Barannikov"
Sparse Distributed Memory is a Continual Learner,Sparse Distributed Memory is a Continual Learner,2303.11934v1,8045973dfc73ba945bb47c2181e955669e6270f9,2023-03-20,2023-03-20,"Trenton Bricken, Xander Davies, Deepak Singh, Dmitry Krotov, Gabriel Kreiman"
Eagle: Large-Scale Learning of Turbulent Fluid Dynamics with Mesh Transformers,Eagle: Large-Scale Learning of Turbulent Fluid Dynamics with Mesh Transformers,2302.10803v2,318e4159296cc0b5ad1d6a29e4b0e0411faeffb9,2023-02-16,2023-02-16,"Steeven Janny, Aurélien Béneteau, Madiha Nadri, Julie Digne, Nicolas Thome, Christian Wolf"
DiGress: Discrete Denoising diffusion for graph generation,DiGress: Discrete Denoising diffusion for graph generation,2209.14734v4,037e4a4a9f07ffac25f41c608ea7cd45506da7e4,2022-09-29,2022-09-29,"Clement Vignac, Igor Krawczuk, Antoine Siraudin, Bohan Wang, Volkan Cevher, Pascal Frossard"
On Non-Random Missing Labels in Semi-Supervised Learning,On Non-Random Missing Labels in Semi-Supervised Learning,2206.14923v1,410b8ab687f6f333e254512b49b8703908021fb2,2022-06-29,2022-06-29,"Xinting Hu, Yulei Niu, Chunyan Miao, Xian-Sheng Hua, Hanwang Zhang"
Is forgetting less a good inductive bias for forward transfer?,Is forgetting less a good inductive bias for forward transfer?,2303.08207v1,eaab8c5159fecd44687a1639d542e4fa4b2b0003,2023-03-14,2023-03-14,"Jiefeng Chen, Timothy Nguyen, Dilan Gorur, Arslan Chaudhry"
Artificial Neuronal Ensembles with Learned Context Dependent Gating,Artificial Neuronal Ensembles with Learned Context Dependent Gating,2301.07187v2,7f83b7fbde102f31b48678376c43ab7365a05ec7,2023-01-17,2023-01-17,"Matthew J. Tilley, Michelle Miller, David J. Freedman"
Topological Experience Replay,Topological Experience Replay,2203.15845v3,a2ed2715d0175e93939e0d9f46f2580968c98020,2022-03-29,2022-03-29,"Zhang-Wei Hong, Tao Chen, Yen-Chen Lin, Joni Pajarinen, Pulkit Agrawal"
"Momentum Stiefel Optimizer, with Applications to Suitably-Orthogonal Attention, and Optimal Transport","Momentum Stiefel Optimizer, with Applications to Suitably-Orthogonal Attention, and Optimal Transport",2205.14173v3,349cc55a7378286ad1acdbee58b77a2263f06a5c,2022-05-27,2022-05-27,"Lingkai Kong, Yuqing Wang, Molei Tao"
Harnessing Mixed Offline Reinforcement Learning Datasets via Trajectory Weighting,Harnessing Mixed Offline Reinforcement Learning Datasets via Trajectory Weighting,2306.13085v1,e672d0103fa44f73f15758d51d6a7046352ffd5e,2023-06-22,2023-06-22,"Zhang-Wei Hong, Pulkit Agrawal, Rémi Tachet des Combes, Romain Laroche"
Systematic Rectification of Language Models via Dead-end Analysis,Systematic Rectification of Language Models via Dead-end Analysis,2302.14003v1,da5fcb26c830663b79c9aa1c550ae62e7725fcad,2023-02-27,2023-02-27,"Meng Cao, Mehdi Fatemi, Jackie Chi Kit Cheung, Samira Shabanian"
Information Gain Propagation: a new way to Graph Active Learning with Soft Labels,Information Gain Propagation: a new way to Graph Active Learning with Soft Labels,2203.01093v1,1a4d112a0460577e60542dac7008c302cb0052b6,2022-03-02,2022-03-02,"Wentao Zhang, Yexin Wang, Zhenbang You, Meng Cao, Ping Huang, Jiulong Shan, Zhi Yang, Bin Cui"
Beyond calibration: estimating the grouping loss of modern neural networks,Beyond calibration: estimating the grouping loss of modern neural networks,2210.16315v3,6439d4e28820ebd37c704ef2f951bd983d988b84,2022-10-28,2022-10-28,"Alexandre Perez-Lebel, Marine Le Morvan, Gaël Varoquaux"
A Tale of Two Flows: Cooperative Learning of Langevin Flow and Normalizing Flow Toward Energy-Based Model,A Tale of Two Flows: Cooperative Learning of Langevin Flow and Normalizing Flow Toward Energy-Based Model,2205.06924v1,e598e7a5ca5f37cf2e5fe6e3805f541bd65c5439,2022-05-13,2022-05-13,"Jianwen Xie, Yaxuan Zhu, Jun Li, Ping Li"
Bitrate-Constrained DRO: Beyond Worst Case Robustness To Unknown Group Shifts,Bitrate-Constrained DRO: Beyond Worst Case Robustness To Unknown Group Shifts,2302.02931v2,5e4437c0ef2bcfa06102341938d63e68762527a6,2023-02-06,2023-02-06,"Amrith Setlur, Don Dennis, Benjamin Eysenbach, Aditi Raghunathan, Chelsea Finn, Virginia Smith, Sergey Levine"
Trading Information between Latents in Hierarchical Variational Autoencoders,Trading Information between Latents in Hierarchical Variational Autoencoders,2302.04855v1,858ba8166ae64b04eebc014ab3c365692c2e5a78,2023-02-09,2023-02-09,"Tim Z. Xiao, Robert Bamler"
Continual Pre-training of Language Models,Continual Pre-training of Language Models,2302.03241v4,e3ec55e9e6720194a0ed5d4033d93a941c8a4f99,2023-02-07,2023-02-07,"Zixuan Ke, Yijia Shao, Haowei Lin, Tatsuya Konishi, Gyuhak Kim, Bing Liu"
Bilinear value networks,Bilinear value networks,2204.13695v3,f1b306268ca7e61852f100334b8e969a34822bdc,2022-04-28,2022-04-28,"Zhang-Wei Hong, Ge Yang, Pulkit Agrawal"
"Joint 2D-3D Multi-Task Learning on Cityscapes-3D: 3D Detection, Segmentation, and Depth Estimation","Joint 2D-3D Multi-Task Learning on Cityscapes-3D: 3D Detection, Segmentation, and Depth Estimation",2304.00971v3,4e2a42d21b129eaf182bb238fdccfef76a5a9e00,2023-04-03,2023-04-03,"Hanrong Ye, Dan Xu"
GAMR: A Guided Attention Model for (visual) Reasoning,GAMR: A Guided Attention Model for (visual) Reasoning,2206.04928v5,d5bd67e5d438ee81f0f098ccbaf91246f6409c10,2022-06-10,2022-06-10,"Mohit Vaishnav, Thomas Serre"
Noise Injection Node Regularization for Robust Learning,Noise Injection Node Regularization for Robust Learning,2210.15764v1,c5283314492adacea2de8a056f5529c506d0fef4,2022-10-27,2022-10-27,"Noam Levi, Itay M. Bloch, Marat Freytsis, Tomer Volansky"
A Call to Reflect on Evaluation Practices for Failure Detection in Image Classification,A Call to Reflect on Evaluation Practices for Failure Detection in Image Classification,2211.15259v2,4b6f6f69d6400d4f0daa6a174b33925bb76696c1,2022-11-28,2022-11-28,"Paul F. Jaeger, Carsten T. Lüth, Lukas Klein, Till J. Bungert"
Learning Group Importance using the Differentiable Hypergeometric Distribution,Learning Group Importance using the Differentiable Hypergeometric Distribution,2203.01629v5,459aaba88972ecf483df51521f16b82595c9eadb,2022-03-03,2022-03-03,"Thomas M. Sutter, Laura Manduchi, Alain Ryser, Julia E. Vogt"
FunkNN: Neural Interpolation for Functional Generation,FunkNN: Neural Interpolation for Functional Generation,2212.14042v2,dc444ee2a0beac5a6f0309c5119f4cc56a57dcdc,2022-12-20,2022-12-20,"AmirEhsan Khorashadizadeh, Anadi Chaman, Valentin Debarnot, Ivan Dokmanić"
A Parametric Class of Approximate Gradient Updates for Policy Optimization,A Parametric Class of Approximate Gradient Updates for Policy Optimization,2206.08499v1,ec2bacc72d83683c74c20fee722923e5f64676a5,2022-06-17,2022-06-17,"Ramki Gummadi, Saurabh Kumar, Junfeng Wen, Dale Schuurmans"
Revisiting Bellman Errors for Offline Model Selection,Revisiting Bellman Errors for Offline Model Selection,2302.00141v2,5fe4712d9abbb60f070028b89355966c1e2bc91a,2023-01-31,2023-01-31,"Joshua P. Zitovsky, Daniel de Marchi, Rishabh Agarwal, Michael R. Kosorok"
Input-agnostic Certified Group Fairness via Gaussian Parameter Smoothing,Input-agnostic Certified Group Fairness via Gaussian Parameter Smoothing,2206.11423v1,8a58b886297649da28e70a4476db1093c254946b,2022-06-22,2022-06-22,"Jiayin Jin, Zeru Zhang, Yang Zhou, Lingfei Wu"
InfoOT: Information Maximizing Optimal Transport,InfoOT: Information Maximizing Optimal Transport,2210.03164v2,f12c4e0c5834bd89cad11902e32fec6cabe75ea2,2022-10-06,2022-10-06,"Ching-Yao Chuang, Stefanie Jegelka, David Alvarez-Melis"
Constrained Optimization via Exact Augmented Lagrangian and Randomized Iterative Sketching,Constrained Optimization via Exact Augmented Lagrangian and Randomized Iterative Sketching,2305.18379v1,73e9a2e28b06b5d9c5d62407ce0b00a7050c3bc5,2023-05-28,2023-05-28,"Ilgee Hong, Sen Na, Michael W. Mahoney, Mladen Kolar"
Learning Rate Schedules in the Presence of Distribution Shift,Learning Rate Schedules in the Presence of Distribution Shift,2303.15634v2,d963db5ea6458955810b82f1ed021d31ec75850a,2023-03-27,2023-03-27,"Matthew Fahrbach, Adel Javanmard, Vahab Mirrokni, Pratik Worah"
Computational Asymmetries in Robust Classification,Computational Asymmetries in Robust Classification,2306.14326v1,d9cf730afc4b191952eddbacef5dec4ab4acdba3,2023-06-25,2023-06-25,"Samuele Marro, Michele Lombardi"
Computational Doob's h-transforms for Online Filtering of Discretely Observed Diffusions,Computational Doob's h-transforms for Online Filtering of Discretely Observed Diffusions,2206.03369v2,99af7fc46cc0453a11cb7d7398697d5c8db5e78f,2022-06-07,2022-06-07,"Nicolas Chopin, Andras Fulop, Jeremy Heng, Alexandre H. Thiery"
NAFS: A Simple yet Tough-to-beat Baseline for Graph Representation Learning,NAFS: A Simple yet Tough-to-beat Baseline for Graph Representation Learning,2206.08583v1,72882bbe4b367e0d73f52a57161b0506eb81705a,2022-06-17,2022-06-17,"Wentao Zhang, Zeang Sheng, Mingyu Yang, Yang Li, Yu Shen, Zhi Yang, Bin Cui"
Repository-Level Prompt Generation for Large Language Models of Code,Repository-Level Prompt Generation for Large Language Models of Code,2206.12839v3,1aa206426a20b0b549cda5068b90b8da353b3434,2022-06-26,2022-06-26,"Disha Shrivastava, Hugo Larochelle, Daniel Tarlow"
Corruption-Robust Algorithms with Uncertainty Weighting for Nonlinear Contextual Bandits and Markov Decision Processes,Corruption-Robust Algorithms with Uncertainty Weighting for Nonlinear Contextual Bandits and Markov Decision Processes,2212.05949v3,4724ae0869b4cb65a741399489cb577a3373ada7,2022-12-12,2022-12-12,"Chenlu Ye, Wei Xiong, Quanquan Gu, Tong Zhang"
Reinforcement Learning with General Utilities: Simpler Variance Reduction and Large State-Action Space,Reinforcement Learning with General Utilities: Simpler Variance Reduction and Large State-Action Space,2306.01854v1,b2dde612d47a9d747f758579dc6eef3294c24ab7,2023-06-02,2023-06-02,"Anas Barakat, Ilyas Fatkhullin, Niao He"
Stochastic Rising Bandits,Stochastic Rising Bandits,2212.03798v1,6e2a8c444a1ea54369da68b620bb7bc781b3f380,2022-12-07,2022-12-07,"Alberto Maria Metelli, Francesco Trovò, Matteo Pirola, Marcello Restelli"
TGRL: An Algorithm for Teacher Guided Reinforcement Learning,TGRL: An Algorithm for Teacher Guided Reinforcement Learning,2307.03186v1,159564d2a7e052a6526c3301bf54c1f0cabdc0e4,2023-07-06,2023-07-06,"Idan Shenfeld, Zhang-Wei Hong, Aviv Tamar, Pulkit Agrawal"
Generalization Bounds with Data-dependent Fractal Dimensions,Generalization Bounds with Data-dependent Fractal Dimensions,2302.02766v2,add1a89fd4f76bc7fe11199510916e241a6013d1,2023-02-06,,"Benjamin Dupuis, George Deligiannidis, Umut Şimşekli"
"DP-Fast MH: Private, Fast, and Accurate Metropolis-Hastings for Large-Scale Bayesian Inference","DP-Fast MH: Private, Fast, and Accurate Metropolis-Hastings for Large-Scale Bayesian Inference",2303.06171v4,73b76c01c6bc0d821545d84d876c2648b2aa1321,2023-03-10,2023-03-10,"Wanrong Zhang, Ruqi Zhang"
Continual Vision-Language Representation Learning with Off-Diagonal Information,Continual Vision-Language Representation Learning with Off-Diagonal Information,2305.07437v5,96af5ad10d707fd756e8036e4b4f7dc214089879,2023-05-11,2023-05-11,"Zixuan Ni, Longhui Wei, Siliang Tang, Yueting Zhuang, Qi Tian"
Utilizing Expert Features for Contrastive Learning of Time-Series Representations,Utilizing Expert Features for Contrastive Learning of Time-Series Representations,2206.11517v1,81d465aa946bae514f373757f60f6a070ae011c7,2022-06-23,2022-06-23,"Manuel Nonnenmacher, Lukas Oldenburg, Ingo Steinwart, David Reeb"
Oscillation-free Quantization for Low-bit Vision Transformers,Oscillation-free Quantization for Low-bit Vision Transformers,2302.02210v3,42d3b9e9111efb70a11167096738d7dd344f7e5a,2023-02-04,2023-02-04,"Shih-Yang Liu, Zechun Liu, Kwang-Ting Cheng"
Simplex Neural Population Learning: Any-Mixture Bayes-Optimality in Symmetric Zero-sum Games,Simplex Neural Population Learning: Any-Mixture Bayes-Optimality in Symmetric Zero-sum Games,2205.15879v4,e272ff8248a0d5c16455db68d35b68330a77304b,2022-05-31,2022-05-31,"Siqi Liu, Marc Lanctot, Luke Marris, Nicolas Heess"
Nugget: Neural Agglomerative Embeddings of Text,Nugget: Neural Agglomerative Embeddings of Text,2310.01732v1,531b37c44c7e39539f617fb1a4149ef8cce8f4ec,2023-10-03,2023-10-03,"Guanghui Qin, Benjamin Van Durme"
Gaussian Process Priors for Systems of Linear Partial Differential Equations with Constant Coefficients,Gaussian Process Priors for Systems of Linear Partial Differential Equations with Constant Coefficients,2212.14319v4,b7518c6559133650e98750b6a1fa779ed004294d,2022-12-29,2022-12-29,"Marc Härkönen, Markus Lange-Hegermann, Bogdan Raiţă"
Live in the Moment: Learning Dynamics Model Adapted to Evolving Policy,Live in the Moment: Learning Dynamics Model Adapted to Evolving Policy,2207.12141v4,23460bac616208c7ddea5664ee08f7adbc46855e,2022-07-25,2022-07-25,"Xiyao Wang, Wichayaporn Wongkamjan, Furong Huang"
Personalized Prediction of Recurrent Stress Events Using Self-Supervised Learning on Multimodal Time-Series Data,Personalized Prediction of Recurrent Stress Events Using Self-Supervised Learning on Multimodal Time-Series Data,2307.03337v1,2775f1dab6a24a944477c4383f48df223fc48b65,2023-07-07,2023-07-07,"Tanvir Islam, Peter Washington"
Federated Learning with Partial Model Personalization,Federated Learning with Partial Model Personalization,2204.03809v2,134e5566cc2d542039414c0de88e5e2f10dc8704,2022-04-08,2022-04-08,"Krishna Pillutla, Kshitiz Malik, Abdelrahman Mohamed, Michael Rabbat, Maziar Sanjabi, Lin Xiao"
An Investigation into Pre-Training Object-Centric Representations for Reinforcement Learning,An Investigation into Pre-Training Object-Centric Representations for Reinforcement Learning,2302.04419v3,af29faebfff36c5a1a053567232b30d4c93d981b,2023-02-09,2023-02-09,"Jaesik Yoon, Yi-Fu Wu, Heechul Bae, Sungjin Ahn"
Approximately Optimal Core Shapes for Tensor Decompositions,Approximately Optimal Core Shapes for Tensor Decompositions,2302.03886v1,fa25471f5b4763c214661b80ce9ad08f58f89b4a,2023-02-08,2023-02-08,"Mehrdad Ghadiri, Matthew Fahrbach, Gang Fu, Vahab Mirrokni"
Certified Neural Network Watermarks with Randomized Smoothing,Certified Neural Network Watermarks with Randomized Smoothing,2207.07972v1,fa6a2426c3b1c74b9b515c3857fc2ff3641d81cf,2022-07-16,2022-07-16,"Arpit Bansal, Ping-yeh Chiang, Michael Curry, Rajiv Jain, Curtis Wigington, Varun Manjunatha, John P Dickerson, Tom Goldstein"
"A Fast, Well-Founded Approximation to the Empirical Neural Tangent Kernel","A Fast, Well-Founded Approximation to the Empirical Neural Tangent Kernel",2206.12543v3,4e2905f3c9ec6c3625a415954e8232836a4ecb4f,2022-06-25,2022-06-25,"Mohamad Amin Mohamadi, Wonho Bae, Danica J. Sutherland"
Exact Inference in High-order Structured Prediction,Exact Inference in High-order Structured Prediction,2302.03236v1,17236e5eaf57ddd8b33870ea68f876b0bb71af8d,2023-02-07,2023-02-07,"Chuyang Ke, Jean Honorio"
DFG-NAS: Deep and Flexible Graph Neural Architecture Search,DFG-NAS: Deep and Flexible Graph Neural Architecture Search,2206.08582v1,10569189e9bdd395e1a5ba71ce223465a31d24da,2022-06-17,2022-06-17,"Wentao Zhang, Zheyu Lin, Yu Shen, Yang Li, Zhi Yang, Bin Cui"
Optimal Goal-Reaching Reinforcement Learning via Quasimetric Learning,Optimal Goal-Reaching Reinforcement Learning via Quasimetric Learning,2304.01203v5,1ad85b1a902cd37c855dbedf5bd17c536628b611,2023-04-03,2023-04-03,"Tongzhou Wang, Antonio Torralba, Phillip Isola, Amy Zhang"
AdaNPC: Exploring Non-Parametric Classifier for Test-Time Adaptation,AdaNPC: Exploring Non-Parametric Classifier for Test-Time Adaptation,2304.12566v2,f4e768015fc9b32c3319339865b3f1d83f9a1411,2023-04-25,2023-04-25,"Yi-Fan Zhang, Xue Wang, Kexin Jin, Kun Yuan, Zhang Zhang, Liang Wang, Rong Jin, Tieniu Tan"
Reducing Variance in Temporal-Difference Value Estimation via Ensemble of Deep Networks,Reducing Variance in Temporal-Difference Value Estimation via Ensemble of Deep Networks,2209.07670v1,0acdcca3eb56ad23959fe5367ddbbf9623384785,2022-09-16,2022-09-16,"Litian Liang, Yaosheng Xu, Stephen McAleer, Dailin Hu, Alexander Ihler, Pieter Abbeel, Roy Fox"
Patch-level Routing in Mixture-of-Experts is Provably Sample-efficient for Convolutional Neural Networks,Patch-level Routing in Mixture-of-Experts is Provably Sample-efficient for Convolutional Neural Networks,2306.04073v1,7e37a2c2575c62f374d7578b4a05e10197c17c7c,2023-06-07,2023-06-07,"Mohammed Nowaz Rabbani Chowdhury, Shuai Zhang, Meng Wang, Sijia Liu, Pin-Yu Chen"
Learning Control by Iterative Inversion,Learning Control by Iterative Inversion,2211.01724v2,b3921e369c09e1258ee2be151a778e3f6fdcf66f,2022-11-03,2022-11-03,"Gal Leibovich, Guy Jacob, Or Avner, Gal Novik, Aviv Tamar"
Accelerated Federated Learning with Decoupled Adaptive Optimization,Accelerated Federated Learning with Decoupled Adaptive Optimization,2207.07223v1,5e37c07fa7e59c9cceb23ee2fde220ce663f4e08,2022-07-14,2022-07-14,"Jiayin Jin, Jiaxiang Ren, Yang Zhou, Lingjuan Lyu, Ji Liu, Dejing Dou"
Efficient Graph Field Integrators Meet Point Clouds,Efficient Graph Field Integrators Meet Point Clouds,2302.00942v6,060d355d8a95811c3a82cf9f23758fd361280782,2023-02-02,2023-02-02,"Krzysztof Choromanski, Arijit Sehanobish, Han Lin, Yunfan Zhao, Eli Berger, Tetiana Parshakova, Alvin Pan, David Watkins, Tianyi Zhang, Valerii Likhosherstov, Somnath Basu Roy Chowdhury, Avinava Dubey, Deepali Jain, Tamas Sarlos, Snigdha Chaturvedi, Adrian Weller"
The Unsurprising Effectiveness of Pre-Trained Vision Models for Control,The Unsurprising Effectiveness of Pre-Trained Vision Models for Control,2203.03580v2,7b3d26bd1d65ed5937c76043b5cd058260d8469f,2022-03-07,2022-03-07,"Simone Parisi, Aravind Rajeswaran, Senthil Purushwalkam, Abhinav Gupta"
